-- phpMyAdmin SQL Dump
-- version 5.1.0
-- https://www.phpmyadmin.net/
--
-- Host: localhost:3306
-- Generation Time: Dec 30, 2021 at 06:41 AM
-- Server version: 10.4.19-MariaDB
-- PHP Version: 7.3.28

SET SQL_MODE = "NO_AUTO_VALUE_ON_ZERO";
START TRANSACTION;
SET time_zone = "+00:00";


/*!40101 SET @OLD_CHARACTER_SET_CLIENT=@@CHARACTER_SET_CLIENT */;
/*!40101 SET @OLD_CHARACTER_SET_RESULTS=@@CHARACTER_SET_RESULTS */;
/*!40101 SET @OLD_COLLATION_CONNECTION=@@COLLATION_CONNECTION */;
/*!40101 SET NAMES utf8mb4 */;

--
-- Database: `presensi_penggajian`
--

-- --------------------------------------------------------

--
-- Table structure for table `bagian`
--

CREATE TABLE `bagian` (
  `id` int(11) NOT NULL,
  `nama_bagian` varchar(255) NOT NULL,
  `karyawan_id` int(11) NOT NULL,
  `lokasi_id` int(11) NOT NULL
) ENGINE=InnoDB DEFAULT CHARSET=utf8mb4;

--
-- Dumping data for table `bagian`
--

INSERT INTO `bagian` (`id`, `nama_bagian`, `karyawan_id`, `lokasi_id`) VALUES
(1, 'Autentikasi', 5, 1),
(2, 'Data Science', 3, 1),
(3, 'Backend Developer', 6, 2);

-- --------------------------------------------------------

--
-- Table structure for table `bagian_karyawan`
--

CREATE TABLE `bagian_karyawan` (
  `id` int(11) NOT NULL,
  `bagian_id` int(11) NOT NULL,
  `karyawan_id` int(11) NOT NULL,
  `tanggal_mulai` date NOT NULL
) ENGINE=InnoDB DEFAULT CHARSET=utf8mb4;

--
-- Dumping data for table `bagian_karyawan`
--

INSERT INTO `bagian_karyawan` (`id`, `bagian_id`, `karyawan_id`, `tanggal_mulai`) VALUES
(1, 1, 5, '2018-03-03'),
(2, 2, 3, '2018-04-01'),
(3, 3, 6, '2018-04-04'),
(4, 1, 4, '2018-03-03'),
(5, 2, 7, '2018-04-01'),
(6, 3, 8, '2018-04-04');

-- --------------------------------------------------------

--
-- Table structure for table `jabatan`
--

CREATE TABLE `jabatan` (
  `id` int(11) NOT NULL,
  `nama_jabatan` varchar(255) NOT NULL,
  `gapok_jabatan` double NOT NULL,
  `tunjangan_jabatan` double NOT NULL,
  `uang_makan_perhari` double NOT NULL
) ENGINE=InnoDB DEFAULT CHARSET=utf8mb4;

--
-- Dumping data for table `jabatan`
--

INSERT INTO `jabatan` (`id`, `nama_jabatan`, `gapok_jabatan`, `tunjangan_jabatan`, `uang_makan_perhari`) VALUES
(1, 'System Analyst', 2400000, 5000000, 4000000),
(2, 'Project Manager', 2300000, 450000, 38000),
(3, 'Senior Programer', 2200000, 400000, 36000),
(4, 'Junior Programer', 2100000, 350000, 34000);

-- --------------------------------------------------------

--
-- Table structure for table `jabatan_karyawan`
--

CREATE TABLE `jabatan_karyawan` (
  `id` int(11) NOT NULL,
  `jabatan_id` int(11) NOT NULL,
  `karyawan_id` int(11) NOT NULL,
  `tanggal_mulai` date NOT NULL
) ENGINE=InnoDB DEFAULT CHARSET=utf8mb4;

--
-- Dumping data for table `jabatan_karyawan`
--

INSERT INTO `jabatan_karyawan` (`id`, `jabatan_id`, `karyawan_id`, `tanggal_mulai`) VALUES
(1, 5, 3, '2013-03-03'),
(2, 4, 3, '2014-04-01'),
(3, 5, 4, '2014-04-04'),
(4, 3, 3, '2015-05-04'),
(5, 4, 4, '2015-05-05'),
(6, 5, 5, '2015-05-05'),
(7, 2, 3, '2015-06-01'),
(8, 3, 4, '2015-06-02'),
(9, 4, 5, '2015-06-03'),
(10, 5, 6, '2015-06-06'),
(11, 1, 3, '2017-07-01'),
(12, 2, 4, '2017-07-02'),
(13, 3, 5, '2017-07-02'),
(14, 4, 6, '2017-07-02'),
(15, 5, 7, '2017-07-07'),
(16, 4, 7, '2018-08-02'),
(17, 5, 8, '2018-08-08');

-- --------------------------------------------------------

--
-- Table structure for table `karyawan`
--

CREATE TABLE `karyawan` (
  `id` int(11) NOT NULL,
  `nik` varchar(255) NOT NULL,
  `nama_lengkap` varchar(255) NOT NULL,
  `handphone` varchar(255) NOT NULL,
  `email` varchar(255) NOT NULL,
  `tanggal_masuk` date NOT NULL,
  `pengguna_id` int(11) DEFAULT NULL
) ENGINE=InnoDB DEFAULT CHARSET=utf8mb4;

--
-- Dumping data for table `karyawan`
--

INSERT INTO `karyawan` (`id`, `nik`, `nama_lengkap`, `handphone`, `email`, `tanggal_masuk`, `pengguna_id`) VALUES
(1, '001', 'Admin', '08112011', 'admin@mail.com', '2011-01-01', 1),
(2, '002', 'Tes User', '08112012', 'user@mail.com', '2012-02-02', 2),
(3, '003', 'John Doe', '08112013', 'john@mail.com', '2013-03-03', 3),
(4, '004', 'Fulan Bin Fulan', '08112014', 'fulan@mail.com', '2014-04-04', 4),
(5, '005', 'Mawar Kurniani', '08112015', 'mawar@mail.com', '2015-05-05', 5),
(6, '006', 'Melati Rahmawati', '08112016', 'melati@mail.com', '2016-06-06', 6),
(7, '007', 'Dahlia Setiani', '08112017', 'dahlia@mail.com', '2017-07-07', 7),
(8, '008', 'Lily Handayani', '08112018', 'lily@mail.com', '2018-08-08', 8);

-- --------------------------------------------------------

--
-- Table structure for table `lokasi`
--

CREATE TABLE `lokasi` (
  `id` int(11) NOT NULL,
  `nama_lokasi` varchar(255) NOT NULL
) ENGINE=InnoDB DEFAULT CHARSET=utf8mb4;

--
-- Dumping data for table `lokasi`
--

INSERT INTO `lokasi` (`id`, `nama_lokasi`) VALUES
(1, 'Kota Banjarmasin'),
(2, 'Kota Bajarbaru'),
(3, 'Kabupaten Banjar');

-- --------------------------------------------------------

--
-- Table structure for table `penggajian`
--

CREATE TABLE `penggajian` (
  `id` int(11) NOT NULL,
  `karyawan_id` int(11) NOT NULL,
  `tahun` year(4) DEFAULT NULL,
  `bulan` char(2) DEFAULT NULL,
  `gapok` double DEFAULT NULL,
  `tunjangan` double DEFAULT NULL,
  `uang_makan` double DEFAULT NULL
) ENGINE=InnoDB DEFAULT CHARSET=utf8mb4;

--
-- Dumping data for table `penggajian`
--

INSERT INTO `penggajian` (`id`, `karyawan_id`, `tahun`, `bulan`, `gapok`, `tunjangan`, `uang_makan`) VALUES
(1, 3, 2020, '11', 2400000, 500000, 800000),
(2, 4, 2020, '11', 2300000, 450000, 684000),
(3, 5, 2020, '11', 2200000, 400000, 684000),
(4, 6, 2020, '11', 2100000, 350000, 640000),
(5, 7, 2020, '11', 2100000, 350000, 612000),
(6, 8, 2020, '11', 1000000, 100000, 380000),
(7, 3, 2020, '12', 2400000, 500000, 800000),
(8, 4, 2020, '12', 2300000, 450000, 722000),
(9, 5, 2020, '12', 2200000, 400000, 720000),
(10, 6, 2020, '12', 2100000, 350000, 680000),
(11, 7, 2020, '12', 2100000, 350000, 646000),
(12, 8, 2020, '12', 1000000, 100000, 360000),
(13, 3, 2021, '01', 2400000, 500000, 800000),
(14, 4, 2021, '01', 2300000, 450000, 722000),
(15, 5, 2021, '01', 2200000, 400000, 612000),
(16, 6, 2021, '01', 2100000, 350000, 680000),
(17, 7, 2021, '01', 2100000, 350000, 646000),
(18, 8, 2021, '01', 1000000, 100000, 340000);

-- --------------------------------------------------------

--
-- Table structure for table `pengguna`
--

CREATE TABLE `pengguna` (
  `id` int(11) NOT NULL,
  `username` varchar(255) NOT NULL,
  `password` varchar(255) NOT NULL,
  `peran` enum('ADMIN','USER') DEFAULT NULL,
  `login_terakhir` timestamp NOT NULL DEFAULT current_timestamp() ON UPDATE current_timestamp()
) ENGINE=InnoDB DEFAULT CHARSET=utf8mb4;

--
-- Dumping data for table `pengguna`
--

INSERT INTO `pengguna` (`id`, `username`, `password`, `peran`, `login_terakhir`) VALUES
(1, 'admin', '21232f297a57a5a743894a0e4a801fc3', 'ADMIN', '2021-12-28 03:59:41'),
(2, 'user', 'ee11cbb19052e40b07aac0ca060c23ee', 'USER', '2021-12-28 03:59:41'),
(3, 'johndoe', '6579e96f76baa00787a28653876c6127', 'USER', '2021-12-28 03:59:41'),
(4, 'fulanbinfulan', '7c232f58f03f6d00c8d28166fbff7a8b', 'USER', '2021-12-28 03:59:41'),
(5, 'mawar', 'bd117502364227fd8c09098d31e11313', 'USER', '2021-12-28 03:59:41'),
(6, 'melati', '27e80ebc907bd57004986be9e6f2dd83', 'USER', '2021-12-28 03:59:41'),
(7, 'dahlia', '6c063d4af7417bb33f5c5ba1b4040da0', 'USER', '2021-12-28 03:59:41'),
(8, 'lily', '89f288757f4d0693c99b007855fc075e', 'USER', '2021-12-28 03:59:41');

-- --------------------------------------------------------

--
-- Table structure for table `presensi`
--

CREATE TABLE `presensi` (
  `id` int(11) NOT NULL,
  `karyawan_id` int(11) NOT NULL,
  `tanggal` date NOT NULL,
  `jam_masuk` time DEFAULT NULL,
  `jam_keluar` time DEFAULT NULL,
  `keterangan` enum('HADIR','SAKIT','IZIN','CUTI','AKHIR PEKAN','LIBUR NASIONAL','TANPA KETERANGAN') DEFAULT NULL
) ENGINE=InnoDB DEFAULT CHARSET=utf8mb4;

--
-- Dumping data for table `presensi`
--

INSERT INTO `presensi` (`id`, `karyawan_id`, `tanggal`, `jam_masuk`, `jam_keluar`, `keterangan`) VALUES
(1, 3, '2020-11-01', NULL, NULL, 'AKHIR PEKAN'),
(2, 3, '2020-11-02', '08:00:00', '16:00:00', 'HADIR'),
(3, 3, '2020-11-03', '08:00:00', '16:00:00', 'HADIR'),
(4, 3, '2020-11-04', '08:00:00', '16:00:00', 'HADIR'),
(5, 3, '2020-11-05', '08:00:00', '16:00:00', 'HADIR'),
(6, 3, '2020-11-06', '08:00:00', '16:00:00', 'HADIR'),
(7, 3, '2020-11-07', NULL, NULL, 'AKHIR PEKAN'),
(8, 3, '2020-11-08', NULL, NULL, 'AKHIR PEKAN'),
(9, 3, '2020-11-09', '08:00:00', '16:00:00', 'HADIR'),
(10, 3, '2020-11-01', NULL, NULL, 'AKHIR PEKAN'),
(11, 3, '2020-11-02', '08:00:00', '16:00:00', 'HADIR'),
(12, 3, '2020-11-03', '08:00:00', '16:00:00', 'HADIR'),
(13, 3, '2020-11-04', '08:00:00', '16:00:00', 'HADIR'),
(14, 3, '2020-11-05', '08:00:00', '16:00:00', 'HADIR'),
(15, 3, '2020-11-06', '08:00:00', '16:00:00', 'HADIR'),
(16, 3, '2020-11-07', NULL, NULL, 'AKHIR PEKAN'),
(17, 3, '2020-11-08', NULL, NULL, 'AKHIR PEKAN'),
(18, 3, '2020-11-09', '08:00:00', '16:00:00', 'HADIR'),
(19, 3, '2020-11-10', NULL, NULL, 'LIBUR NASIONAL'),
(20, 3, '2020-11-11', '08:00:00', '16:00:00', 'HADIR'),
(21, 3, '2020-11-12', '08:00:00', '16:00:00', 'HADIR'),
(22, 3, '2020-11-13', '08:00:00', '16:00:00', 'HADIR'),
(23, 3, '2020-11-14', NULL, NULL, 'AKHIR PEKAN'),
(24, 3, '2020-11-15', NULL, NULL, 'AKHIR PEKAN'),
(25, 3, '2020-11-16', '08:00:00', '16:00:00', 'HADIR'),
(26, 3, '2020-11-17', '08:00:00', '16:00:00', 'HADIR'),
(27, 3, '2020-11-18', '08:00:00', '16:00:00', 'HADIR'),
(28, 3, '2020-11-19', '08:00:00', '16:00:00', 'HADIR'),
(29, 3, '2020-11-20', '08:00:00', '16:00:00', 'HADIR'),
(30, 3, '2020-11-21', NULL, NULL, 'AKHIR PEKAN'),
(31, 3, '2020-11-22', NULL, NULL, 'AKHIR PEKAN'),
(32, 3, '2020-11-23', '08:00:00', '16:00:00', 'HADIR'),
(33, 3, '2020-11-24', '08:00:00', '16:00:00', 'HADIR'),
(34, 3, '2020-11-25', '08:00:00', '16:00:00', 'HADIR'),
(35, 3, '2020-11-26', '08:00:00', '16:00:00', 'HADIR'),
(36, 3, '2020-11-27', '08:00:00', '16:00:00', 'HADIR'),
(37, 3, '2020-11-28', NULL, NULL, 'AKHIR PEKAN'),
(38, 3, '2020-11-29', NULL, NULL, 'AKHIR PEKAN'),
(39, 3, '2020-11-30', '08:00:00', '16:00:00', 'HADIR'),
(40, 3, '2020-12-01', '08:00:00', '16:00:00', 'HADIR'),
(41, 3, '2020-12-02', '08:00:00', '16:00:00', 'HADIR'),
(42, 3, '2020-12-03', '08:00:00', '16:00:00', 'HADIR'),
(43, 3, '2020-12-04', '08:00:00', '16:00:00', 'HADIR'),
(44, 3, '2020-12-05', NULL, NULL, 'AKHIR PEKAN'),
(45, 3, '2020-12-06', NULL, NULL, 'AKHIR PEKAN'),
(46, 3, '2020-12-07', '08:00:00', '16:00:00', 'HADIR'),
(47, 3, '2020-12-08', '08:00:00', '16:00:00', 'HADIR'),
(48, 3, '2020-12-09', NULL, NULL, 'LIBUR NASIONAL'),
(49, 3, '2020-12-10', '08:00:00', '16:00:00', 'HADIR'),
(50, 3, '2020-12-11', '08:00:00', '16:00:00', 'HADIR'),
(51, 3, '2020-12-12', NULL, NULL, 'AKHIR PEKAN'),
(52, 3, '2020-12-13', NULL, NULL, 'AKHIR PEKAN'),
(53, 3, '2020-12-14', '08:00:00', '16:00:00', 'HADIR'),
(54, 3, '2020-12-15', '08:00:00', '16:00:00', 'HADIR'),
(55, 3, '2020-12-16', '08:00:00', '16:00:00', 'HADIR'),
(56, 3, '2020-12-17', '08:00:00', '16:00:00', 'HADIR'),
(57, 3, '2020-12-18', '08:00:00', '16:00:00', 'HADIR'),
(58, 3, '2020-12-19', NULL, NULL, 'AKHIR PEKAN'),
(59, 3, '2020-12-20', NULL, NULL, 'AKHIR PEKAN'),
(60, 3, '2020-12-21', '08:00:00', '16:00:00', 'HADIR'),
(61, 3, '2020-12-22', '08:00:00', '16:00:00', 'HADIR'),
(62, 3, '2020-12-23', '08:00:00', '16:00:00', 'HADIR'),
(63, 3, '2020-12-24', NULL, NULL, 'LIBUR NASIONAL'),
(64, 3, '2020-12-25', NULL, NULL, 'LIBUR NASIONAL'),
(65, 3, '2020-12-26', NULL, NULL, 'AKHIR PEKAN'),
(66, 3, '2020-12-27', NULL, NULL, 'AKHIR PEKAN'),
(67, 3, '2020-12-28', '08:00:00', '16:00:00', 'HADIR'),
(68, 3, '2020-12-29', '08:00:00', '16:00:00', 'HADIR'),
(69, 3, '2020-12-30', '08:00:00', '16:00:00', 'HADIR'),
(70, 3, '2020-12-31', '08:00:00', '16:00:00', 'HADIR'),
(71, 3, '2021-01-01', NULL, NULL, 'LIBUR NASIONAL'),
(72, 3, '2021-01-02', NULL, NULL, 'AKHIR PEKAN'),
(73, 3, '2021-01-03', NULL, NULL, 'AKHIR PEKAN'),
(74, 3, '2021-01-04', '08:00:00', '16:00:00', 'HADIR'),
(75, 3, '2021-01-05', '08:00:00', '16:00:00', 'HADIR'),
(76, 3, '2021-01-06', '08:00:00', '16:00:00', 'HADIR'),
(77, 3, '2021-01-07', '08:00:00', '16:00:00', 'HADIR'),
(78, 3, '2021-01-08', '08:00:00', '16:00:00', 'HADIR'),
(79, 3, '2021-01-09', NULL, NULL, 'AKHIR PEKAN'),
(80, 3, '2021-01-10', NULL, NULL, 'AKHIR PEKAN'),
(81, 3, '2021-01-11', '08:00:00', '16:00:00', 'HADIR'),
(82, 3, '2021-01-12', '08:00:00', '16:00:00', 'HADIR'),
(83, 3, '2021-01-13', '08:00:00', '16:00:00', 'HADIR'),
(84, 3, '2021-01-14', '08:00:00', '16:00:00', 'HADIR'),
(85, 3, '2021-01-15', '08:00:00', '16:00:00', 'HADIR'),
(86, 3, '2021-01-16', NULL, NULL, 'AKHIR PEKAN'),
(87, 3, '2021-01-17', NULL, NULL, 'AKHIR PEKAN'),
(88, 3, '2021-01-18', '08:00:00', '16:00:00', 'HADIR'),
(89, 3, '2021-01-19', '08:00:00', '16:00:00', 'HADIR'),
(90, 3, '2021-01-20', '08:00:00', '16:00:00', 'HADIR'),
(91, 3, '2021-01-21', '08:00:00', '16:00:00', 'HADIR'),
(92, 3, '2021-01-22', '08:00:00', '16:00:00', 'HADIR'),
(93, 3, '2021-01-23', NULL, NULL, 'AKHIR PEKAN'),
(94, 3, '2021-01-24', NULL, NULL, 'AKHIR PEKAN'),
(95, 3, '2021-01-25', '08:00:00', '16:00:00', 'HADIR'),
(96, 3, '2021-01-26', '08:00:00', '16:00:00', 'HADIR'),
(97, 3, '2021-01-27', '08:00:00', '16:00:00', 'HADIR'),
(98, 3, '2021-01-28', '08:00:00', '16:00:00', 'HADIR'),
(99, 3, '2021-01-29', '08:00:00', '16:00:00', 'HADIR'),
(100, 3, '2021-01-30', NULL, NULL, 'AKHIR PEKAN'),
(101, 3, '2021-01-31', NULL, NULL, 'AKHIR PEKAN'),
(102, 4, '2020-11-01', NULL, NULL, 'AKHIR PEKAN'),
(103, 4, '2020-11-02', '08:00:00', '16:00:00', 'HADIR'),
(104, 4, '2020-11-03', '08:35:00', '16:00:00', 'HADIR'),
(105, 4, '2020-11-04', NULL, NULL, 'SAKIT'),
(106, 4, '2020-11-05', '08:00:00', '16:00:00', 'HADIR'),
(107, 4, '2020-11-06', '08:00:00', '16:00:00', 'HADIR'),
(108, 4, '2020-11-07', NULL, NULL, 'AKHIR PEKAN'),
(109, 4, '2020-11-08', NULL, NULL, 'AKHIR PEKAN'),
(110, 4, '2020-11-09', '08:00:00', '16:00:00', 'HADIR'),
(111, 4, '2020-11-10', NULL, NULL, 'LIBUR NASIONAL'),
(112, 4, '2020-11-11', '08:00:00', '16:00:00', 'HADIR'),
(113, 4, '2020-11-12', '08:00:00', '16:00:00', 'HADIR'),
(114, 4, '2020-11-13', '08:00:00', '16:00:00', 'HADIR'),
(115, 4, '2020-11-14', NULL, NULL, 'AKHIR PEKAN'),
(116, 4, '2020-11-15', NULL, NULL, 'AKHIR PEKAN'),
(117, 4, '2020-11-16', '08:00:00', '16:00:00', 'HADIR'),
(118, 4, '2020-11-17', '08:00:00', '16:00:00', 'HADIR'),
(119, 4, '2020-11-18', '08:45:00', '16:00:00', 'HADIR'),
(120, 4, '2020-11-19', NULL, NULL, 'IZIN'),
(121, 4, '2020-11-20', '08:00:00', '16:00:00', 'HADIR'),
(122, 4, '2020-11-21', NULL, NULL, 'AKHIR PEKAN'),
(123, 4, '2020-11-22', NULL, NULL, 'AKHIR PEKAN'),
(124, 4, '2020-11-23', '08:00:00', '16:00:00', 'HADIR'),
(125, 4, '2020-11-24', '08:00:00', '16:00:00', 'HADIR'),
(126, 4, '2020-11-25', '08:00:00', '16:00:00', 'HADIR'),
(127, 4, '2020-11-26', '08:00:00', '16:00:00', 'HADIR'),
(128, 4, '2020-11-27', '08:00:00', '16:00:00', 'HADIR'),
(129, 4, '2020-11-28', NULL, NULL, 'AKHIR PEKAN'),
(130, 4, '2020-11-29', NULL, NULL, 'AKHIR PEKAN'),
(131, 4, '2020-11-30', '08:00:00', '16:00:00', 'HADIR'),
(132, 4, '2020-12-01', '08:00:00', '16:00:00', 'HADIR'),
(133, 4, '2020-12-02', '08:00:00', '16:00:00', 'HADIR'),
(134, 4, '2020-12-03', '08:00:00', '16:00:00', 'HADIR'),
(135, 4, '2020-12-04', '08:00:00', '16:00:00', 'HADIR'),
(136, 4, '2020-12-05', NULL, NULL, 'AKHIR PEKAN'),
(137, 4, '2020-12-06', NULL, NULL, 'AKHIR PEKAN'),
(138, 4, '2020-12-07', '08:00:00', '16:00:00', 'HADIR'),
(139, 4, '2020-12-08', '08:00:00', '16:00:00', 'HADIR'),
(140, 4, '2020-12-09', NULL, NULL, 'LIBUR NASIONAL'),
(141, 4, '2020-12-10', '08:00:00', '16:00:00', 'HADIR'),
(142, 4, '2020-12-11', '08:00:00', '16:00:00', 'HADIR'),
(143, 4, '2020-12-12', NULL, NULL, 'AKHIR PEKAN'),
(144, 4, '2020-12-13', NULL, NULL, 'AKHIR PEKAN'),
(145, 4, '2020-12-14', '08:00:00', '16:00:00', 'HADIR'),
(146, 4, '2020-12-15', '08:00:00', '16:00:00', 'HADIR'),
(147, 4, '2020-12-16', '08:00:00', '16:00:00', 'HADIR'),
(148, 4, '2020-12-17', NULL, NULL, 'SAKIT'),
(149, 4, '2020-12-18', '08:00:00', '16:00:00', 'HADIR'),
(150, 4, '2020-12-19', NULL, NULL, 'AKHIR PEKAN'),
(151, 4, '2020-12-20', NULL, NULL, 'AKHIR PEKAN'),
(152, 4, '2020-12-21', '08:00:00', '16:00:00', 'HADIR'),
(153, 4, '2020-12-22', '08:00:00', '16:00:00', 'HADIR'),
(154, 4, '2020-12-23', '08:00:00', '16:00:00', 'HADIR'),
(155, 4, '2020-12-24', NULL, NULL, 'LIBUR NASIONAL'),
(156, 4, '2020-12-25', NULL, NULL, ''),
(157, 4, '2020-12-26', NULL, NULL, 'AKHIR PEKAN'),
(158, 4, '2020-12-27', NULL, NULL, 'AKHIR PEKAN'),
(159, 4, '2020-12-28', '08:00:00', '16:00:00', 'HADIR'),
(160, 4, '2020-12-29', '08:50:00', '16:00:00', 'HADIR'),
(161, 4, '2020-12-30', '08:00:00', '16:00:00', 'HADIR'),
(162, 4, '2020-12-31', '08:00:00', '16:00:00', 'HADIR'),
(163, 4, '2021-01-01', NULL, NULL, 'LIBUR NASIONAL'),
(164, 4, '2021-01-02', NULL, NULL, 'AKHIR PEKAN'),
(165, 4, '2021-01-03', NULL, NULL, 'AKHIR PEKAN'),
(166, 4, '2021-01-04', '08:00:00', '16:00:00', 'HADIR'),
(167, 4, '2021-01-05', '08:00:00', '16:00:00', 'HADIR'),
(168, 4, '2021-01-06', '08:00:00', '16:00:00', 'HADIR'),
(169, 4, '2021-01-07', '08:00:00', '16:00:00', 'HADIR'),
(170, 4, '2021-01-08', '08:00:00', '16:00:00', 'HADIR'),
(171, 4, '2021-01-09', NULL, NULL, 'AKHIR PEKAN'),
(172, 4, '2021-01-10', NULL, NULL, 'AKHIR PEKAN'),
(173, 4, '2021-01-11', '08:00:00', '16:00:00', 'HADIR'),
(174, 4, '2021-01-12', '08:00:00', '16:00:00', 'HADIR'),
(175, 4, '2021-01-13', '08:00:00', '16:00:00', 'HADIR'),
(176, 4, '2021-01-14', '08:00:00', '16:00:00', 'HADIR'),
(177, 4, '2021-01-15', '08:00:00', '16:00:00', 'HADIR'),
(178, 4, '2021-01-16', NULL, NULL, 'AKHIR PEKAN'),
(179, 4, '2021-01-17', NULL, NULL, 'AKHIR PEKAN'),
(180, 4, '2021-01-18', '08:00:00', '16:00:00', 'HADIR'),
(181, 4, '2021-01-19', '08:00:00', '16:00:00', 'HADIR'),
(182, 4, '2021-01-20', '08:00:00', '16:00:00', 'HADIR'),
(183, 4, '2021-01-21', NULL, NULL, 'IZIN'),
(184, 4, '2021-01-22', '08:00:00', '16:00:00', 'HADIR'),
(185, 4, '2021-01-23', NULL, NULL, 'AKHIR PEKAN'),
(186, 4, '2021-01-24', NULL, NULL, 'AKHIR PEKAN'),
(187, 4, '2021-01-25', '08:00:00', '16:00:00', 'HADIR'),
(188, 4, '2021-01-26', '08:00:00', '16:00:00', 'HADIR'),
(189, 4, '2021-01-27', '08:40:00', '16:00:00', 'HADIR'),
(190, 4, '2021-01-28', '08:00:00', '16:00:00', 'HADIR'),
(191, 4, '2021-01-29', '08:00:00', '16:00:00', 'HADIR'),
(192, 4, '2021-01-30', NULL, NULL, 'AKHIR PEKAN'),
(193, 4, '2021-01-31', NULL, NULL, 'AKHIR PEKAN'),
(194, 5, '2020-11-01', NULL, NULL, 'AKHIR PEKAN'),
(195, 5, '2020-11-02', '08:00:00', '16:00:00', 'HADIR'),
(196, 5, '2020-11-03', '08:00:00', '16:00:00', 'HADIR'),
(197, 5, '2020-11-04', '08:00:00', '16:00:00', 'HADIR'),
(198, 5, '2020-11-05', '08:00:00', '16:00:00', 'HADIR'),
(199, 5, '2020-11-06', '08:35:00', '16:00:00', 'HADIR'),
(200, 5, '2020-11-07', NULL, NULL, 'AKHIR PEKAN'),
(201, 5, '2020-11-08', NULL, NULL, 'AKHIR PEKAN'),
(202, 5, '2020-11-09', '08:00:00', '16:00:00', 'HADIR'),
(203, 5, '2020-11-10', NULL, NULL, 'LIBUR NASIONAL'),
(204, 5, '2020-11-11', '08:00:00', '16:00:00', 'HADIR'),
(205, 5, '2020-11-12', '08:00:00', '16:00:00', 'HADIR'),
(206, 5, '2020-11-13', '08:00:00', '16:00:00', 'HADIR'),
(207, 5, '2020-11-14', NULL, NULL, 'AKHIR PEKAN'),
(208, 5, '2020-11-15', NULL, NULL, 'AKHIR PEKAN'),
(209, 5, '2020-11-16', '08:00:00', '16:00:00', 'HADIR'),
(210, 5, '2020-11-17', '08:00:00', '16:00:00', 'HADIR'),
(211, 5, '2020-11-18', '08:35:00', '16:00:00', 'HADIR'),
(212, 5, '2020-11-19', '08:00:00', '16:00:00', 'HADIR'),
(213, 5, '2020-11-20', '08:00:00', '16:00:00', 'HADIR'),
(214, 5, '2020-11-21', NULL, NULL, 'AKHIR PEKAN'),
(215, 5, '2020-11-22', NULL, NULL, 'AKHIR PEKAN'),
(216, 5, '2020-11-23', '08:00:00', '16:00:00', 'HADIR'),
(217, 5, '2020-11-24', '08:00:00', '16:00:00', 'HADIR'),
(218, 5, '2020-11-25', NULL, NULL, 'SAKIT'),
(219, 5, '2020-11-26', '08:00:00', '16:00:00', 'HADIR'),
(220, 5, '2020-11-27', '08:00:00', '16:00:00', 'HADIR'),
(221, 5, '2020-11-28', NULL, NULL, 'AKHIR PEKAN'),
(222, 5, '2020-11-29', NULL, NULL, 'AKHIR PEKAN'),
(223, 5, '2020-11-30', '08:00:00', '16:00:00', 'HADIR'),
(224, 5, '2020-12-01', '08:00:00', '16:00:00', 'HADIR'),
(225, 5, '2020-12-02', '08:00:00', '16:00:00', 'HADIR'),
(226, 5, '2020-12-03', '08:00:00', '16:00:00', 'HADIR'),
(227, 5, '2020-12-04', '08:00:00', '16:00:00', 'HADIR'),
(228, 5, '2020-12-05', NULL, NULL, 'AKHIR PEKAN'),
(229, 5, '2020-12-06', NULL, NULL, 'AKHIR PEKAN'),
(230, 5, '2020-12-07', '08:00:00', '16:00:00', 'HADIR'),
(231, 5, '2020-12-08', '08:00:00', '16:00:00', 'HADIR'),
(232, 5, '2020-12-09', NULL, NULL, 'LIBUR NASIONAL'),
(233, 5, '2020-12-10', '08:00:00', '16:00:00', 'HADIR'),
(234, 5, '2020-12-11', '08:00:00', '16:00:00', 'HADIR'),
(235, 5, '2020-12-12', NULL, NULL, 'AKHIR PEKAN'),
(236, 5, '2020-12-13', NULL, NULL, 'AKHIR PEKAN'),
(237, 5, '2020-12-14', '08:00:00', '16:00:00', 'HADIR'),
(238, 5, '2020-12-15', '08:00:00', '16:00:00', 'HADIR'),
(239, 5, '2020-12-16', '08:00:00', '16:00:00', 'HADIR'),
(240, 5, '2020-12-17', '08:00:00', '16:00:00', 'HADIR'),
(241, 5, '2020-12-18', '08:00:00', '16:00:00', 'HADIR'),
(242, 5, '2020-12-19', NULL, NULL, 'AKHIR PEKAN'),
(243, 5, '2020-12-20', NULL, NULL, 'AKHIR PEKAN'),
(244, 5, '2020-12-21', '08:00:00', '16:00:00', 'HADIR'),
(245, 5, '2020-12-22', '08:00:00', '16:00:00', 'HADIR'),
(246, 5, '2020-12-23', '08:00:00', '16:00:00', 'HADIR'),
(247, 5, '2020-12-24', NULL, NULL, 'LIBUR NASIONAL'),
(248, 5, '2020-12-25', NULL, NULL, 'LIBUR NASIONAL'),
(249, 5, '2020-12-26', NULL, NULL, 'AKHIR PEKAN'),
(250, 5, '2020-12-27', NULL, NULL, 'AKHIR PEKAN'),
(251, 5, '2020-12-28', '08:00:00', '16:00:00', 'HADIR'),
(252, 5, '2020-12-29', '08:00:00', '16:00:00', 'HADIR'),
(253, 5, '2020-12-30', '08:00:00', '16:00:00', 'HADIR'),
(254, 5, '2020-12-31', '08:00:00', '16:00:00', 'HADIR'),
(255, 5, '2021-01-01', NULL, NULL, 'LIBUR NASIONAL'),
(256, 5, '2021-01-02', NULL, NULL, 'AKHIR PEKAN'),
(257, 5, '2021-01-03', NULL, NULL, 'AKHIR PEKAN'),
(258, 5, '2021-01-04', '08:00:00', '16:00:00', 'HADIR'),
(259, 5, '2021-01-05', '08:00:00', '16:00:00', 'HADIR'),
(260, 5, '2021-01-06', NULL, NULL, 'IZIN'),
(261, 5, '2021-01-07', '08:00:00', '16:00:00', 'HADIR'),
(262, 5, '2021-01-08', '08:00:00', '16:00:00', 'HADIR'),
(263, 5, '2021-01-09', NULL, NULL, 'AKHIR PEKAN'),
(264, 5, '2021-01-10', NULL, NULL, 'AKHIR PEKAN'),
(265, 5, '2021-01-11', '08:00:00', '16:00:00', 'HADIR'),
(266, 5, '2021-01-12', '08:00:00', '16:00:00', 'HADIR'),
(267, 5, '2021-01-13', '08:00:00', '16:00:00', 'HADIR'),
(268, 5, '2021-01-14', '08:00:00', '16:00:00', 'HADIR'),
(269, 5, '2021-01-15', '08:00:00', '16:00:00', 'HADIR'),
(270, 5, '2021-01-16', NULL, NULL, 'AKHIR PEKAN'),
(271, 5, '2021-01-17', NULL, NULL, 'AKHIR PEKAN'),
(272, 5, '2021-01-18', '08:00:00', '16:00:00', 'HADIR'),
(273, 5, '2021-01-19', '08:00:00', '16:00:00', 'HADIR'),
(274, 5, '2021-01-20', '08:00:00', '16:00:00', 'HADIR'),
(275, 5, '2021-01-21', '08:00:00', '16:00:00', 'HADIR'),
(276, 5, '2021-01-22', '08:00:00', '16:00:00', 'HADIR'),
(277, 5, '2021-01-23', NULL, NULL, 'AKHIR PEKAN'),
(278, 5, '2021-01-24', NULL, NULL, 'AKHIR PEKAN'),
(279, 5, '2021-01-25', '08:00:00', '16:00:00', 'HADIR'),
(280, 5, '2021-01-26', NULL, NULL, 'SAKIT'),
(281, 5, '2021-01-27', NULL, NULL, 'SAKIT'),
(282, 5, '2021-01-28', '08:00:00', '16:00:00', 'HADIR'),
(283, 5, '2021-01-29', '08:00:00', '16:00:00', 'HADIR'),
(284, 5, '2021-01-30', NULL, NULL, 'AKHIR PEKAN'),
(285, 5, '2021-01-31', NULL, NULL, 'AKHIR PEKAN'),
(286, 6, '2020-11-01', NULL, NULL, 'AKHIR PEKAN'),
(287, 6, '2020-11-02', '08:00:00', '16:00:00', 'HADIR'),
(288, 6, '2020-11-03', '08:00:00', '16:00:00', 'HADIR'),
(289, 6, '2020-11-04', '08:00:00', '16:00:00', 'HADIR'),
(290, 6, '2020-11-05', '08:00:00', '16:00:00', 'HADIR'),
(291, 6, '2020-11-06', '08:00:00', '16:00:00', 'HADIR'),
(292, 6, '2020-11-07', NULL, NULL, 'AKHIR PEKAN'),
(293, 6, '2020-11-08', NULL, NULL, 'AKHIR PEKAN'),
(294, 6, '2020-11-09', '08:00:00', '16:00:00', 'HADIR'),
(295, 6, '2020-11-10', NULL, NULL, 'LIBUR NASIONAL'),
(296, 6, '2020-11-11', '08:00:00', '16:00:00', 'HADIR'),
(297, 6, '2020-11-12', '08:00:00', '16:00:00', 'HADIR'),
(298, 6, '2020-11-13', '08:00:00', '16:00:00', 'HADIR'),
(299, 6, '2020-11-14', NULL, NULL, 'AKHIR PEKAN'),
(300, 6, '2020-11-15', NULL, NULL, 'AKHIR PEKAN'),
(301, 6, '2020-11-16', '08:00:00', '16:00:00', 'HADIR'),
(302, 6, '2020-11-17', '08:00:00', '16:00:00', 'HADIR'),
(303, 6, '2020-11-18', '08:00:00', '16:00:00', 'HADIR'),
(304, 6, '2020-11-19', '08:00:00', '16:00:00', 'HADIR'),
(305, 6, '2020-11-20', '08:00:00', '16:00:00', 'HADIR'),
(306, 6, '2020-11-21', NULL, NULL, 'AKHIR PEKAN'),
(307, 6, '2020-11-22', NULL, NULL, 'AKHIR PEKAN'),
(308, 6, '2020-11-23', '08:00:00', '16:00:00', 'HADIR'),
(309, 6, '2020-11-24', '08:00:00', '16:00:00', 'HADIR'),
(310, 6, '2020-11-25', '08:00:00', '16:00:00', 'HADIR'),
(311, 6, '2020-11-26', '08:00:00', '16:00:00', 'HADIR'),
(312, 6, '2020-11-27', '08:00:00', '16:00:00', 'HADIR'),
(313, 6, '2020-11-28', NULL, NULL, 'AKHIR PEKAN'),
(314, 6, '2020-11-29', NULL, NULL, 'AKHIR PEKAN'),
(315, 6, '2020-11-30', '08:00:00', '16:00:00', 'HADIR'),
(316, 6, '2020-12-01', '08:00:00', '16:00:00', 'HADIR'),
(317, 6, '2020-12-02', '08:00:00', '16:00:00', 'HADIR'),
(318, 6, '2020-12-03', '08:00:00', '16:00:00', 'HADIR'),
(319, 6, '2020-12-04', '08:00:00', '16:00:00', 'HADIR'),
(320, 6, '2020-12-05', NULL, NULL, 'AKHIR PEKAN'),
(321, 6, '2020-12-06', NULL, NULL, 'AKHIR PEKAN'),
(322, 6, '2020-12-07', '08:00:00', '16:00:00', 'HADIR'),
(323, 6, '2020-12-08', '08:00:00', '16:00:00', 'HADIR'),
(324, 6, '2020-12-09', NULL, NULL, 'LIBUR NASIONAL'),
(325, 6, '2020-12-10', '08:00:00', '16:00:00', 'HADIR'),
(326, 6, '2020-12-11', '08:00:00', '16:00:00', 'HADIR'),
(327, 6, '2020-12-12', NULL, NULL, 'AKHIR PEKAN'),
(328, 6, '2020-12-13', NULL, NULL, 'AKHIR PEKAN'),
(329, 6, '2020-12-14', '08:00:00', '16:00:00', 'HADIR'),
(330, 6, '2020-12-15', '08:00:00', '16:00:00', 'HADIR'),
(331, 6, '2020-12-16', '08:00:00', '16:00:00', 'HADIR'),
(332, 6, '2020-12-17', '08:00:00', '16:00:00', 'HADIR'),
(333, 6, '2020-12-18', '08:00:00', '16:00:00', 'HADIR'),
(334, 6, '2020-12-19', NULL, NULL, 'AKHIR PEKAN'),
(335, 6, '2020-12-20', NULL, NULL, 'AKHIR PEKAN'),
(336, 6, '2020-12-21', '08:00:00', '16:00:00', 'HADIR'),
(337, 6, '2020-12-22', '08:00:00', '16:00:00', 'HADIR'),
(338, 6, '2020-12-23', '08:00:00', '16:00:00', 'HADIR'),
(339, 6, '2020-12-24', NULL, NULL, 'LIBUR NASIONAL'),
(340, 6, '2020-12-25', NULL, NULL, 'LIBUR NASIONAL'),
(341, 6, '2020-12-26', NULL, NULL, 'AKHIR PEKAN'),
(342, 6, '2020-12-27', NULL, NULL, 'AKHIR PEKAN'),
(343, 6, '2020-12-28', '08:00:00', '16:00:00', 'HADIR'),
(344, 6, '2020-12-29', '08:00:00', '16:00:00', 'HADIR'),
(345, 6, '2020-12-30', '08:00:00', '16:00:00', 'HADIR'),
(346, 6, '2020-12-31', '08:00:00', '16:00:00', 'HADIR'),
(347, 6, '2021-01-01', NULL, NULL, 'LIBUR NASIONAL'),
(348, 6, '2021-01-02', NULL, NULL, 'AKHIR PEKAN'),
(349, 6, '2021-01-03', NULL, NULL, 'AKHIR PEKAN'),
(350, 6, '2021-01-04', '08:00:00', '16:00:00', 'HADIR'),
(351, 6, '2021-01-05', '08:00:00', '16:00:00', 'HADIR'),
(352, 6, '2021-01-06', '08:00:00', '16:00:00', 'HADIR'),
(353, 6, '2021-01-07', '08:00:00', '16:00:00', 'HADIR'),
(354, 6, '2021-01-08', '08:00:00', '16:00:00', 'HADIR'),
(355, 6, '2021-01-09', NULL, NULL, 'AKHIR PEKAN'),
(356, 6, '2021-01-10', NULL, NULL, 'AKHIR PEKAN'),
(357, 6, '2021-01-11', '08:00:00', '16:00:00', 'HADIR'),
(358, 6, '2021-01-12', '08:00:00', '16:00:00', 'HADIR'),
(359, 6, '2021-01-13', '08:00:00', '16:00:00', 'HADIR'),
(360, 6, '2021-01-14', '08:00:00', '16:00:00', 'HADIR'),
(361, 6, '2021-01-15', '08:00:00', '16:00:00', 'HADIR'),
(362, 6, '2021-01-16', NULL, NULL, 'AKHIR PEKAN'),
(363, 6, '2021-01-17', NULL, NULL, 'AKHIR PEKAN'),
(364, 6, '2021-01-18', '08:00:00', '16:00:00', 'HADIR'),
(365, 6, '2021-01-19', '08:00:00', '16:00:00', 'HADIR'),
(366, 6, '2021-01-20', '08:00:00', '16:00:00', 'HADIR'),
(367, 6, '2021-01-21', '08:00:00', '16:00:00', 'HADIR'),
(368, 6, '2021-01-22', '08:00:00', '16:00:00', 'HADIR'),
(369, 6, '2021-01-23', NULL, NULL, 'AKHIR PEKAN'),
(370, 6, '2021-01-24', NULL, NULL, 'AKHIR PEKAN'),
(371, 6, '2021-01-25', '08:00:00', '16:00:00', 'HADIR'),
(372, 6, '2021-01-26', '08:00:00', '16:00:00', 'HADIR'),
(373, 6, '2021-01-27', '08:00:00', '16:00:00', 'HADIR'),
(374, 6, '2021-01-28', '08:00:00', '16:00:00', 'HADIR'),
(375, 6, '2021-01-29', '08:00:00', '16:00:00', 'HADIR'),
(376, 6, '2021-01-30', NULL, NULL, 'AKHIR PEKAN'),
(377, 6, '2021-01-31', NULL, NULL, 'AKHIR PEKAN'),
(378, 7, '2020-11-01', NULL, NULL, 'AKHIR PEKAN'),
(379, 7, '2020-11-02', '08:00:00', '16:00:00', 'HADIR'),
(380, 7, '2020-11-03', '08:35:00', '16:00:00', 'HADIR'),
(381, 7, '2020-11-04', NULL, NULL, 'SAKIT'),
(382, 7, '2020-11-05', '08:00:00', '16:00:00', 'HADIR'),
(383, 7, '2020-11-06', '08:00:00', '16:00:00', 'HADIR'),
(384, 7, '2020-11-07', NULL, NULL, 'AKHIR PEKAN'),
(385, 7, '2020-11-08', NULL, NULL, 'AKHIR PEKAN'),
(386, 7, '2020-11-09', '08:00:00', '16:00:00', 'HADIR'),
(387, 7, '2020-11-10', NULL, NULL, 'LIBUR NASIONAL'),
(388, 7, '2020-11-11', '08:00:00', '16:00:00', 'HADIR'),
(389, 7, '2020-11-12', '08:00:00', '16:00:00', 'HADIR'),
(390, 7, '2020-11-13', '08:00:00', '16:00:00', 'HADIR'),
(391, 7, '2020-11-14', NULL, NULL, 'AKHIR PEKAN'),
(392, 7, '2020-11-15', NULL, NULL, 'AKHIR PEKAN'),
(393, 7, '2020-11-16', '08:00:00', '16:00:00', 'HADIR'),
(394, 7, '2020-11-17', '08:00:00', '16:00:00', 'HADIR'),
(395, 7, '2020-11-18', '08:45:00', '16:00:00', 'HADIR'),
(396, 7, '2020-11-19', NULL, NULL, 'IZIN'),
(397, 7, '2020-11-20', '08:00:00', '16:00:00', 'HADIR'),
(398, 7, '2020-11-21', NULL, NULL, 'AKHIR PEKAN'),
(399, 7, '2020-11-22', NULL, NULL, 'AKHIR PEKAN'),
(400, 7, '2020-11-23', '08:00:00', '16:00:00', 'HADIR'),
(401, 7, '2020-11-24', '08:00:00', '16:00:00', 'HADIR'),
(402, 7, '2020-11-25', '08:00:00', '16:00:00', 'HADIR'),
(403, 7, '2020-11-26', '08:00:00', '16:00:00', 'HADIR'),
(404, 7, '2020-11-27', '08:00:00', '16:00:00', 'HADIR'),
(405, 7, '2020-11-28', NULL, NULL, 'AKHIR PEKAN'),
(406, 7, '2020-11-29', NULL, NULL, 'AKHIR PEKAN'),
(407, 7, '2020-11-30', '08:00:00', '16:00:00', 'HADIR'),
(408, 7, '2020-12-01', '08:00:00', '16:00:00', 'HADIR'),
(409, 7, '2020-12-02', '08:00:00', '16:00:00', 'HADIR'),
(410, 7, '2020-12-03', '08:00:00', '16:00:00', 'HADIR'),
(411, 7, '2020-12-04', '08:00:00', '16:00:00', 'HADIR'),
(412, 7, '2020-12-05', NULL, NULL, 'AKHIR PEKAN'),
(413, 7, '2020-12-06', NULL, NULL, 'AKHIR PEKAN'),
(414, 7, '2020-12-07', '08:00:00', '16:00:00', 'HADIR'),
(415, 7, '2020-12-08', '08:00:00', '16:00:00', 'HADIR'),
(416, 7, '2020-12-09', NULL, NULL, 'LIBUR NASIONAL'),
(417, 7, '2020-12-10', '08:00:00', '16:00:00', 'HADIR'),
(418, 7, '2020-12-11', '08:00:00', '16:00:00', 'HADIR'),
(419, 7, '2020-12-12', NULL, NULL, 'AKHIR PEKAN'),
(420, 7, '2020-12-13', NULL, NULL, 'AKHIR PEKAN'),
(421, 7, '2020-12-14', '08:00:00', '16:00:00', 'HADIR'),
(422, 7, '2020-12-15', '08:00:00', '16:00:00', 'HADIR'),
(423, 7, '2020-12-16', '08:00:00', '16:00:00', 'HADIR'),
(424, 7, '2020-12-17', NULL, NULL, 'SAKIT'),
(425, 7, '2020-12-18', '08:00:00', '16:00:00', 'HADIR'),
(426, 7, '2020-12-19', NULL, NULL, 'AKHIR PEKAN'),
(427, 7, '2020-12-20', NULL, NULL, 'AKHIR PEKAN'),
(428, 7, '2020-12-21', '08:00:00', '16:00:00', 'HADIR'),
(429, 7, '2020-12-22', '08:00:00', '16:00:00', 'HADIR'),
(430, 7, '2020-12-23', '08:00:00', '16:00:00', 'HADIR'),
(431, 7, '2020-12-24', NULL, NULL, 'LIBUR NASIONAL'),
(432, 7, '2020-12-25', NULL, NULL, 'LIBUR NASIONAL'),
(433, 7, '2020-12-26', NULL, NULL, 'AKHIR PEKAN'),
(434, 7, '2020-12-27', NULL, NULL, 'AKHIR PEKAN'),
(435, 7, '2020-12-28', '08:00:00', '16:00:00', 'HADIR'),
(436, 7, '2020-12-29', '08:50:00', '16:00:00', 'HADIR'),
(437, 7, '2020-12-30', '08:00:00', '16:00:00', 'HADIR'),
(438, 7, '2020-12-31', '08:00:00', '16:00:00', 'HADIR'),
(439, 7, '2021-01-01', NULL, NULL, 'LIBUR NASIONAL'),
(440, 7, '2021-01-02', NULL, NULL, 'AKHIR PEKAN'),
(441, 7, '2021-01-03', NULL, NULL, 'AKHIR PEKAN'),
(442, 7, '2021-01-04', '08:55:00', '16:00:00', 'HADIR'),
(443, 7, '2021-01-05', '08:00:00', '16:00:00', 'HADIR'),
(444, 7, '2021-01-06', '08:00:00', '16:00:00', 'HADIR'),
(445, 7, '2021-01-07', '08:00:00', '16:00:00', 'HADIR'),
(446, 7, '2021-01-08', '08:00:00', '16:00:00', 'HADIR'),
(447, 7, '2021-01-09', NULL, NULL, 'AKHIR PEKAN'),
(448, 7, '2021-01-10', NULL, NULL, 'AKHIR PEKAN'),
(449, 7, '2021-01-11', '08:00:00', '16:00:00', 'HADIR'),
(450, 7, '2021-01-12', '08:00:00', '16:00:00', 'HADIR'),
(451, 7, '2021-01-13', '08:00:00', '16:00:00', 'HADIR'),
(452, 7, '2021-01-14', '08:00:00', '16:00:00', 'HADIR'),
(453, 7, '2021-01-15', '08:00:00', '16:00:00', 'HADIR'),
(454, 7, '2021-01-16', NULL, NULL, 'AKHIR PEKAN'),
(455, 7, '2021-01-17', NULL, NULL, 'AKHIR PEKAN'),
(456, 7, '2021-01-18', '08:00:00', '16:00:00', 'HADIR'),
(457, 7, '2021-01-19', '08:00:00', '16:00:00', 'HADIR'),
(458, 7, '2021-01-20', '08:00:00', '16:00:00', 'HADIR'),
(459, 7, '2021-01-21', NULL, NULL, 'IZIN'),
(460, 7, '2021-01-22', '08:00:00', '16:00:00', 'HADIR'),
(461, 7, '2021-01-23', NULL, NULL, 'AKHIR PEKAN'),
(462, 7, '2021-01-24', NULL, NULL, 'AKHIR PEKAN'),
(463, 7, '2021-01-25', '08:00:00', '16:00:00', 'HADIR'),
(464, 7, '2021-01-26', '08:00:00', '16:00:00', 'HADIR'),
(465, 7, '2021-01-27', '08:40:00', '16:00:00', 'HADIR'),
(466, 7, '2021-01-28', '08:00:00', '16:00:00', 'HADIR'),
(467, 7, '2021-01-29', '08:00:00', '16:00:00', 'HADIR'),
(468, 7, '2021-01-30', NULL, NULL, 'AKHIR PEKAN'),
(469, 7, '2021-01-31', NULL, NULL, 'AKHIR PEKAN'),
(470, 8, '2020-11-01', NULL, NULL, 'AKHIR PEKAN'),
(471, 8, '2020-11-02', '08:00:00', '16:00:00', 'HADIR'),
(472, 8, '2020-11-03', '08:00:00', '16:00:00', 'HADIR'),
(473, 8, '2020-11-04', '08:00:00', '16:00:00', 'HADIR'),
(474, 8, '2020-11-05', '08:00:00', '16:00:00', 'HADIR'),
(475, 8, '2020-11-06', '08:35:00', '16:00:00', 'HADIR'),
(476, 8, '2020-11-07', NULL, NULL, 'AKHIR PEKAN'),
(477, 8, '2020-11-08', NULL, NULL, 'AKHIR PEKAN'),
(478, 8, '2020-11-09', '08:00:00', '16:00:00', 'HADIR'),
(479, 8, '2020-11-10', NULL, NULL, 'LIBUR NASIONAL'),
(480, 8, '2020-11-11', '08:00:00', '16:00:00', 'HADIR'),
(481, 8, '2020-11-12', '08:00:00', '16:00:00', 'HADIR'),
(482, 8, '2020-11-13', '08:00:00', '16:00:00', 'HADIR'),
(483, 8, '2020-11-14', NULL, NULL, 'AKHIR PEKAN'),
(484, 8, '2020-11-15', NULL, NULL, 'AKHIR PEKAN'),
(485, 8, '2020-11-16', '08:00:00', '16:00:00', 'HADIR'),
(486, 8, '2020-11-17', '08:00:00', '16:00:00', 'HADIR'),
(487, 8, '2020-11-18', '08:35:00', '16:00:00', 'HADIR'),
(488, 8, '2020-11-19', '08:00:00', '16:00:00', 'HADIR'),
(489, 8, '2020-11-20', '08:00:00', '16:00:00', 'HADIR'),
(490, 8, '2020-11-21', NULL, NULL, 'AKHIR PEKAN'),
(491, 8, '2020-11-22', NULL, NULL, 'AKHIR PEKAN'),
(492, 8, '2020-11-23', '08:00:00', '16:00:00', 'HADIR'),
(493, 8, '2020-11-24', '08:00:00', '16:00:00', 'HADIR'),
(494, 8, '2020-11-25', NULL, NULL, 'IZIN'),
(495, 8, '2020-11-26', '08:00:00', '16:00:00', 'HADIR'),
(496, 8, '2020-11-27', '08:00:00', '16:00:00', 'HADIR'),
(497, 8, '2020-11-28', NULL, NULL, 'AKHIR PEKAN'),
(498, 8, '2020-11-29', NULL, NULL, 'AKHIR PEKAN'),
(499, 8, '2020-11-30', '08:00:00', '16:00:00', 'HADIR'),
(500, 8, '2020-12-01', '08:00:00', '16:00:00', 'HADIR'),
(501, 8, '2020-12-02', NULL, NULL, 'CUTI'),
(502, 8, '2020-12-03', NULL, NULL, 'CUTI'),
(503, 8, '2020-12-04', '08:00:00', '16:00:00', 'HADIR'),
(504, 8, '2020-12-05', NULL, NULL, 'AKHIR PEKAN'),
(505, 8, '2020-12-06', NULL, NULL, 'AKHIR PEKAN'),
(506, 8, '2020-12-07', '08:00:00', '16:00:00', 'HADIR'),
(507, 8, '2020-12-08', '08:00:00', '16:00:00', 'HADIR'),
(508, 8, '2020-12-09', NULL, NULL, 'LIBUR NASIONAL'),
(509, 8, '2020-12-10', '08:00:00', '16:00:00', 'HADIR'),
(510, 8, '2020-12-11', '08:00:00', '16:00:00', 'HADIR'),
(511, 8, '2020-12-12', NULL, NULL, 'AKHIR PEKAN'),
(512, 8, '2020-12-13', NULL, NULL, 'AKHIR PEKAN'),
(513, 8, '2020-12-14', '08:37:00', '16:00:00', 'HADIR'),
(514, 8, '2020-12-15', '08:00:00', '16:00:00', 'HADIR'),
(515, 8, '2020-12-16', '08:00:00', '16:00:00', 'HADIR'),
(516, 8, '2020-12-17', '08:00:00', '16:00:00', 'HADIR'),
(517, 8, '2020-12-18', '08:00:00', '16:00:00', 'HADIR'),
(518, 8, '2020-12-19', NULL, NULL, 'AKHIR PEKAN'),
(519, 8, '2020-12-20', NULL, NULL, 'AKHIR PEKAN'),
(520, 8, '2020-12-21', '08:00:00', '16:00:00', 'HADIR'),
(521, 8, '2020-12-22', '08:00:00', '16:00:00', 'HADIR'),
(522, 8, '2020-12-23', '08:00:00', '16:00:00', 'HADIR'),
(523, 8, '2020-12-24', NULL, NULL, 'LIBUR NASIONAL'),
(524, 8, '2020-12-25', NULL, NULL, 'LIBUR NASIONAL'),
(525, 8, '2020-12-26', NULL, NULL, 'AKHIR PEKAN'),
(526, 8, '2020-12-27', NULL, NULL, 'AKHIR PEKAN'),
(527, 8, '2020-12-28', '08:00:00', '16:00:00', 'HADIR'),
(528, 8, '2020-12-29', '08:00:00', '16:00:00', 'HADIR'),
(529, 8, '2020-12-30', '08:35:00', '16:00:00', 'HADIR'),
(530, 8, '2020-12-31', '08:00:00', '16:00:00', 'HADIR'),
(531, 8, '2021-01-01', NULL, NULL, 'LIBUR NASIONAL'),
(532, 8, '2021-01-02', NULL, NULL, 'AKHIR PEKAN'),
(533, 8, '2021-01-03', NULL, NULL, 'AKHIR PEKAN'),
(534, 8, '2021-01-04', '08:00:00', '16:00:00', 'HADIR'),
(535, 8, '2021-01-05', '08:00:00', '16:00:00', 'HADIR'),
(536, 8, '2021-01-06', NULL, NULL, 'IZIN'),
(537, 8, '2021-01-07', '08:00:00', '16:00:00', 'HADIR'),
(538, 8, '2021-01-08', '08:00:00', '16:00:00', 'HADIR'),
(539, 8, '2021-01-09', NULL, NULL, 'AKHIR PEKAN'),
(540, 8, '2021-01-10', NULL, NULL, 'AKHIR PEKAN'),
(541, 8, '2021-01-11', '08:00:00', '16:00:00', 'HADIR'),
(542, 8, '2021-01-12', '08:00:00', '16:00:00', 'HADIR'),
(543, 8, '2021-01-13', '08:00:00', '16:00:00', 'HADIR'),
(544, 8, '2021-01-14', '08:00:00', '16:00:00', 'HADIR'),
(545, 8, '2021-01-15', '08:00:00', '16:00:00', 'HADIR'),
(546, 8, '2021-01-16', NULL, NULL, 'AKHIR PEKAN'),
(547, 8, '2021-01-17', NULL, NULL, 'AKHIR PEKAN'),
(548, 8, '2021-01-18', '08:00:00', '16:00:00', 'HADIR'),
(549, 8, '2021-01-19', '08:00:00', '16:00:00', 'HADIR'),
(550, 8, '2021-01-20', '08:00:00', '16:00:00', 'HADIR'),
(551, 8, '2021-01-21', '08:00:00', '16:00:00', 'HADIR'),
(552, 8, '2021-01-22', '08:00:00', '16:00:00', 'HADIR'),
(553, 8, '2021-01-23', NULL, NULL, 'AKHIR PEKAN'),
(554, 8, '2021-01-24', NULL, NULL, 'AKHIR PEKAN'),
(555, 8, '2021-01-25', '08:00:00', '16:00:00', 'HADIR'),
(556, 8, '2021-01-26', NULL, NULL, 'SAKIT'),
(557, 8, '2021-01-27', NULL, NULL, 'SAKIT'),
(558, 8, '2021-01-28', '08:00:00', '16:00:00', 'HADIR'),
(559, 8, '2021-01-29', '08:00:00', '16:00:00', 'HADIR'),
(560, 8, '2021-01-30', NULL, NULL, 'AKHIR PEKAN'),
(561, 8, '2021-01-31', NULL, NULL, 'AKHIR PEKAN');

--
-- Indexes for dumped tables
--

--
-- Indexes for table `bagian`
--
ALTER TABLE `bagian`
  ADD PRIMARY KEY (`id`);

--
-- Indexes for table `bagian_karyawan`
--
ALTER TABLE `bagian_karyawan`
  ADD PRIMARY KEY (`id`);

--
-- Indexes for table `jabatan`
--
ALTER TABLE `jabatan`
  ADD PRIMARY KEY (`id`);

--
-- Indexes for table `jabatan_karyawan`
--
ALTER TABLE `jabatan_karyawan`
  ADD PRIMARY KEY (`id`);

--
-- Indexes for table `karyawan`
--
ALTER TABLE `karyawan`
  ADD PRIMARY KEY (`id`);

--
-- Indexes for table `lokasi`
--
ALTER TABLE `lokasi`
  ADD PRIMARY KEY (`id`);

--
-- Indexes for table `penggajian`
--
ALTER TABLE `penggajian`
  ADD PRIMARY KEY (`id`);

--
-- Indexes for table `pengguna`
--
ALTER TABLE `pengguna`
  ADD PRIMARY KEY (`id`);

--
-- Indexes for table `presensi`
--
ALTER TABLE `presensi`
  ADD PRIMARY KEY (`id`);

--
-- AUTO_INCREMENT for dumped tables
--

--
-- AUTO_INCREMENT for table `bagian`
--
ALTER TABLE `bagian`
  MODIFY `id` int(11) NOT NULL AUTO_INCREMENT, AUTO_INCREMENT=4;

--
-- AUTO_INCREMENT for table `bagian_karyawan`
--
ALTER TABLE `bagian_karyawan`
  MODIFY `id` int(11) NOT NULL AUTO_INCREMENT, AUTO_INCREMENT=7;

--
-- AUTO_INCREMENT for table `jabatan`
--
ALTER TABLE `jabatan`
  MODIFY `id` int(11) NOT NULL AUTO_INCREMENT, AUTO_INCREMENT=6;

--
-- AUTO_INCREMENT for table `jabatan_karyawan`
--
ALTER TABLE `jabatan_karyawan`
  MODIFY `id` int(11) NOT NULL AUTO_INCREMENT, AUTO_INCREMENT=18;

--
-- AUTO_INCREMENT for table `karyawan`
--
ALTER TABLE `karyawan`
  MODIFY `id` int(11) NOT NULL AUTO_INCREMENT, AUTO_INCREMENT=9;

--
-- AUTO_INCREMENT for table `lokasi`
--
ALTER TABLE `lokasi`
  MODIFY `id` int(11) NOT NULL AUTO_INCREMENT, AUTO_INCREMENT=5;

--
-- AUTO_INCREMENT for table `penggajian`
--
ALTER TABLE `penggajian`
  MODIFY `id` int(11) NOT NULL AUTO_INCREMENT, AUTO_INCREMENT=19;

--
-- AUTO_INCREMENT for table `pengguna`
--
ALTER TABLE `pengguna`
  MODIFY `id` int(11) NOT NULL AUTO_INCREMENT, AUTO_INCREMENT=9;

--
-- AUTO_INCREMENT for table `presensi`
--
ALTER TABLE `presensi`
  MODIFY `id` int(11) NOT NULL AUTO_INCREMENT, AUTO_INCREMENT=562;
COMMIT;

/*!40101 SET CHARACTER_SET_CLIENT=@OLD_CHARACTER_SET_CLIENT */;
/*!40101 SET CHARACTER_SET_RESULTS=@OLD_CHARACTER_SET_RESULTS */;
/*!40101 SET COLLATION_CONNECTION=@OLD_COLLATION_CONNECTION */;
